d,L,n,chi,max_bond,ancilla_qubits,numQubits,cczCount,tCount,rotationCount,measurementCount,bulk_site_cczCount,rotation_bits
2,4,16,100,100,7,93,53643,54,216,60354,8074,10
2,4,16,178,178,8,94,102679,54,216,111520,20757,10
2,4,16,316,256,8,94,120775,54,216,131176,29805,10
2,4,16,562,256,8,94,120775,54,216,131176,29805,10
2,4,16,1000,256,8,94,120775,54,216,131176,29805,10
2,4,16,1778,256,8,94,120775,54,216,131176,29805,10
2,4,16,3162,256,8,94,120775,54,216,131176,29805,10
2,4,16,5623,256,8,94,120775,54,216,131176,29805,10
2,4,16,10000,256,8,94,120775,54,216,131176,29805,10
2,8,64,100,100,7,141,441195,54,216,496386,8074,10
2,8,64,178,178,8,142,1099015,54,216,1193776,20757,10
2,8,64,316,316,9,183,2552682,54,216,2715253,49761,10
2,8,64,562,562,10,189,6405744,54,216,6685405,128918,10
2,8,64,1000,1000,10,189,11019636,54,216,11500777,229220,10
2,8,64,1778,1778,11,270,25547013,54,216,26370964,551480,10
2,8,64,3162,3162,12,278,62925477,54,216,64336118,1410687,10
2,8,64,5623,5623,13,439,146537892,54,216,148951623,3413744,10
2,8,64,10000,10000,14,466,362938226,54,216,367066607,8790866,10
2,12,144,100,100,7,221,1087115,54,216,1223106,8074,10
2,12,144,178,178,8,222,2759575,54,216,2997536,20757,10
2,12,144,316,316,9,263,6533562,54,216,6949733,49761,10
2,12,144,562,562,10,269,16719184,54,216,17449245,128918,10
2,12,144,1000,1000,10,269,29357236,54,216,30639177,229220,10
2,12,144,1778,1778,11,350,69665413,54,216,71912564,551480,10
2,12,144,3162,3162,12,358,175780437,54,216,179721478,1410687,10
2,12,144,5623,5623,13,519,419637412,54,216,426550343,3413744,10
2,12,144,10000,10000,14,546,1066207506,54,216,1078336687,8790866,10
4,4,16,100,100,7,109,469265,54,216,527396,31206,10
4,4,16,178,178,8,150,1255403,54,216,1371144,83543,10
4,4,16,316,316,9,156,3674701,54,216,3905652,244687,10
4,4,16,562,562,10,237,9849153,54,216,10310514,656036,10
4,4,16,1000,1000,10,237,9849153,54,216,10310514,656036,10
4,4,16,1778,1778,11,245,28293129,54,216,29215300,1885076,10
4,4,16,3162,3162,12,406,76423595,54,216,78267376,5092665,10
4,4,16,5623,5623,13,433,221646657,54,216,225333648,14771993,10
4,4,16,10000,10000,14,743,601301209,54,216,608674610,40077894,10
4,8,64,100,100,7,205,1967153,54,216,2211044,31206,10
4,8,64,178,178,8,246,5265467,54,216,5751288,83543,10
4,8,64,316,316,9,252,15419677,54,216,16389348,244687,10
4,8,64,562,562,10,333,41338881,54,216,43276242,656036,10
4,8,64,1000,1000,10,333,41338881,54,216,43276242,656036,10
4,8,64,1778,1778,11,341,118776777,54,216,122649508,1885076,10
4,8,64,3162,3162,12,502,320871515,54,216,328614976,5092665,10
4,8,64,5623,5623,13,529,930702321,54,216,946187232,14771993,10
4,8,64,10000,10000,14,839,2525040121,54,216,2556007922,40077894,10
4,12,144,100,100,7,365,4463633,54,216,5017124,31206,10
4,12,144,178,178,8,406,11948907,54,216,13051528,83543,10
4,12,144,316,316,9,412,34994637,54,216,37195508,244687,10
4,12,144,562,562,10,493,93821761,54,216,98219122,656036,10
4,12,144,1000,1000,10,493,93821761,54,216,98219122,656036,10
4,12,144,1778,1778,11,501,269582857,54,216,278373188,1885076,10
4,12,144,3162,3162,12,662,728284715,54,216,745860976,5092665,10
4,12,144,5623,5623,13,689,2112461761,54,216,2147609872,14771993,10
4,12,144,10000,10000,14,999,5731271641,54,216,5801563442,40077894,10
